USE BaksoLoncatokE
GO

INSERT INTO MsSupplier
	(SupplierID,SupplierName,SupplierPhoneNumber,SupplierAddress,SupplierGender,SupplierDOB,SupplierEmail)
VALUES(
	'SP001','Gerald','08778123124','Industri Street No.17 Street','Male','1992-01-02','gerald@gmail.com')
INSERT INTO MsSupplier
	(SupplierID,SupplierName,SupplierPhoneNumber,SupplierAddress,SupplierGender,SupplierDOB,SupplierEmail)
VALUES(
	'SP002','Kurni','08778135354','longgok Street No.1 Street','Male','1993-01-03','kurni.234@yahoo.com')
INSERT INTO MsSupplier
	(SupplierID,SupplierName,SupplierPhoneNumber,SupplierAddress,SupplierGender,SupplierDOB,SupplierEmail)
VALUES(
	'SP003','wati','0877892034','dabek Street No.3 Street','Female','1995-12-112','wati3431@gmail.com')
INSERT INTO MsSupplier
	(SupplierID,SupplierName,SupplierPhoneNumber,SupplierAddress,SupplierGender,SupplierDOB,SupplierEmail)
VALUES(
	'SP004','Syaron','08785624266','pademangan Street No. 80 Street','Female','1999-02-17','syaroneee@gmail.com')
INSERT INTO MsSupplier
	(SupplierID,SupplierName,SupplierPhoneNumber,SupplierAddress,SupplierGender,SupplierDOB,SupplierEmail)
VALUES(
	'SP005','Sharon','0878513251','Kemenangan Street No. 45 Street','Female','1987-12-01','shrrniwj@yahoo.co.id')
INSERT INTO MsSupplier
	(SupplierID,SupplierName,SupplierPhoneNumber,SupplierAddress,SupplierGender,SupplierDOB,SupplierEmail)
VALUES(
	'SP006','Nicholas','0878462346423','Bungur Street No. 69 Street','Male','1996-09-03','nicholas10@yahoo.co.id')
INSERT INTO MsSupplier
	(SupplierID,SupplierName,SupplierPhoneNumber,SupplierAddress,SupplierGender,SupplierDOB,SupplierEmail)
VALUES(
	'SP007','livi','0816893480','Bloklok Street No. 18 Street','Female','1992-09-07','livlivi@gmail.com')
INSERT INTO MsSupplier
	(SupplierID,SupplierName,SupplierPhoneNumber,SupplierAddress,SupplierGender,SupplierDOB,SupplierEmail)
VALUES(
	'SP008','Rizki','08778123455','puri kembangan Street No. 121 Street','Male','2000-01-29','rzki211@gmail.com')
INSERT INTO MsSupplier
	(SupplierID,SupplierName,SupplierPhoneNumber,SupplierAddress,SupplierGender,SupplierDOB,SupplierEmail)
VALUES(
	'SP009','jean','081256348453','lenggok Street No. 190 Street','Male','2000-05-21','jeanlie@yahoo.co.id')
INSERT INTO MsSupplier
	(SupplierID,SupplierName,SupplierPhoneNumber,SupplierAddress,SupplierGender,SupplierDOB,SupplierEmail)
VALUES(
	'SP010','Edi','0812634566','manggis Street No. 12 Street','Male','1982-06-17','edisuryadi@yahoo.co.id')
 
INSERT INTO MsCustomer
	(CustomerID,CustomerName,CustomerPhoneNumber,CustomerAddress,CustomerGender,CustomerEmail,CustomerDOB)
VALUES
	('CT001','indra kurniawan','08778314132','elang Street No.27 Street','Male','indrakur@gmail.com','2000-10-23')
INSERT INTO MsCustomer
	(CustomerID,CustomerName,CustomerPhoneNumber,CustomerAddress,CustomerGender,CustomerEmail,CustomerDOB)
VALUES
	('CT002','maxwell','08778232301','rajawali Street No.72 Street','Male','maxwellr@gmail.com','1991-08-20')
INSERT INTO MsCustomer
	(CustomerID,CustomerName,CustomerPhoneNumber,CustomerAddress,CustomerGender,CustomerEmail,CustomerDOB)
VALUES
	('CT003','Rini','0878231923','gagak Street No.09 Street','Female','rininurini@gmail.com','1997-01-22')
INSERT INTO MsCustomer
	(CustomerID,CustomerName,CustomerPhoneNumber,CustomerAddress,CustomerGender,CustomerEmail,CustomerDOB)
VALUES
	('CT004','kuri','081626213321','cendrawasih Street No.221 Street','Male','kangkuri@gmail.com','1999-01-14')
INSERT INTO MsCustomer
	(CustomerID,CustomerName,CustomerPhoneNumber,CustomerAddress,CustomerGender,CustomerEmail,CustomerDOB)
VALUES
	('CT005','Indah','08214781231','merpati Street No.122 Street','Female','Indahwati@gmail.com','2000-02-03')
INSERT INTO MsCustomer
	(CustomerID,CustomerName,CustomerPhoneNumber,CustomerAddress,CustomerGender,CustomerEmail,CustomerDOB)
VALUES
	('CT006','Elicia','08214232311','merak Street No.173 Street','Female','eliciarifin@gmail.com','1999-05-20')
INSERT INTO MsCustomer
	(CustomerID,CustomerName,CustomerPhoneNumber,CustomerAddress,CustomerGender,CustomerEmail,CustomerDOB)
VALUES
	('CT007','Mawar','081224524552','burung Street No.22 Street','Female','mawareva@gmail.com','2001-02-27')
INSERT INTO MsCustomer
	(CustomerID,CustomerName,CustomerPhoneNumber,CustomerAddress,CustomerGender,CustomerEmail,CustomerDOB)
VALUES
	('CT008','Sumi','087781235213','gereja Street No.213 Street','Female','Sumiendut@yahoo.co.id','1997-05-05')
INSERT INTO MsCustomer
	(CustomerID,CustomerName,CustomerPhoneNumber,CustomerAddress,CustomerGender,CustomerEmail,CustomerDOB)
VALUES
	('CT009','safira','08221141243','kumala Street No.211 Street','Female','safiranastasya@yahoo.com','1999-07-02')
INSERT INTO MsCustomer
	(CustomerID,CustomerName,CustomerPhoneNumber,CustomerAddress,CustomerGender,CustomerEmail,CustomerDOB)
VALUES
	('CT010','dumble','08223521312','gongseng Street No.251 Street','Male','dumblemumble231@gmail.com','1945-07-17')

INSERT INTO MsStaff
	(StaffID,StaffName,StaffPhoneNumber,StaffAddress,StaffGender,StaffDOB,StaffEmail)
VALUES
	('SF001','jona','08778123123','mawar Street No. 45 Street','Male','2000-02-12','jonarough@gmail.com')
INSERT INTO MsStaff
	(StaffID,StaffName,StaffPhoneNumber,StaffAddress,StaffGender,StaffDOB,StaffEmail)
VALUES
	('SF002','Rita','08112253453','melati Street No.221 Street','Female','2002-01-01','ritacantik@gmail')
INSERT INTO MsStaff
	(StaffID,StaffName,StaffPhoneNumber,StaffAddress,StaffGender,StaffDOB,StaffEmail)
VALUES
	('SF003','ningsih','0816349234','anggrek Street No. 256 Street','Female','1993-02-29','ningsihgemes@gmail.com')
INSERT INTO MsStaff
	(StaffID,StaffName,StaffPhoneNumber,StaffAddress,StaffGender,StaffDOB,StaffEmail)
VALUES
	('SF004','ani','08164124081','kantong semar Street No. 22 Street','Female','1990-01-05','stefaniM@yahoo.com')
INSERT INTO MsStaff
	(StaffID,StaffName,StaffPhoneNumber,StaffAddress,StaffGender,StaffDOB,StaffEmail)
VALUES
	('SF005','anna','08161239912','lavender Street No. 111 Street','Female','1994-09-21','annaolson@gmail.com')
INSERT INTO MsStaff
	(StaffID,StaffName,StaffPhoneNumber,StaffAddress,StaffGender,StaffDOB,StaffEmail)
VALUES
	('SF006','richard','08221106464','kurma Street No. 261 Street','Male','2000-07-06','richardreinhard@gmail.com')
INSERT INTO MsStaff
	(StaffID,StaffName,StaffPhoneNumber,StaffAddress,StaffGender,StaffDOB,StaffEmail)
VALUES
	('SF007','felix','08125231341','melon Street No. 251 Street','Male','1999-12-15','felixandi@yahoo.co.id')
INSERT INTO MsStaff
	(StaffID,StaffName,StaffPhoneNumber,StaffAddress,StaffGender,StaffDOB,StaffEmail)
VALUES
	('SF008','Natasha','08123918741','semangka Street No. 221 Street','Female','2000-01-19','natashaguna@gmail.com')
INSERT INTO MsStaff
	(StaffID,StaffName,StaffPhoneNumber,StaffAddress,StaffGender,StaffDOB,StaffEmail)
VALUES
	('SF009','naisya','08221230204','mangga Street No. 123 Street','Female','1997-03-12','naisyaandini@gmail.com')
INSERT INTO MsStaff
	(StaffID,StaffName,StaffPhoneNumber,StaffAddress,StaffGender,StaffDOB,StaffEmail)
VALUES
	('SF010','Nirma','082213124974','sirsak Street No. 228 Street','Female','1982-05-17','nirmana22@gmail.com')

INSERT INTO MsMeatBall
	(MeatBallID,MeatBallName,MeatBallPrice)
VALUES
	('MB001','Bakso Sapi',15000)
INSERT INTO MsMeatBall
	(MeatBallID,MeatBallName,MeatBallPrice)
VALUES	
	('MB002','Bakso Ayam',12000)
INSERT INTO MsMeatBall
	(MeatBallID,MeatBallName,MeatBallPrice)
VALUES	
	('MB003','Bakso Ayam Udang',22500)
INSERT INTO MsMeatBall
	(MeatBallID,MeatBallName,MeatBallPrice)
VALUES	
	('MB004','Bakso Keju',17000)
INSERT INTO MsMeatBall
	(MeatBallID,MeatBallName,MeatBallPrice)
VALUES	
	('MB005','Bakso Urat',10500)
INSERT INTO MsMeatBall
	(MeatBallID,MeatBallName,MeatBallPrice)
VALUES	
	('MB006','Bakso Salmon',25000)
INSERT INTO MsMeatBall
	(MeatBallID,MeatBallName,MeatBallPrice)
VALUES	
	('MB007','Bakso Ikan',14000)
INSERT INTO MsMeatBall
	(MeatBallID,MeatBallName,MeatBallPrice)
VALUES	
	('MB008','Bakso Aci',8000)
INSERT INTO MsMeatBall
	(MeatBallID,MeatBallName,MeatBallPrice)
VALUES	
	('MB009','Bakso Udang',18500)
INSERT INTO MsMeatBall
	(MeatBallID,MeatBallName,MeatBallPrice)
VALUES	
	('MB010','Bakso Mercon',9000)

INSERT INTO MsIngredient
	(IngredientID,IngredientName,IngredientPrice)
VALUES
    ('IG001','Daging Sapi',7000)
INSERT INTO MsIngredient
	(IngredientID,IngredientName,IngredientPrice)
VALUES
    ('IG002','Daging Ayam',5000)
INSERT INTO MsIngredient
	(IngredientID,IngredientName,IngredientPrice)
VALUES
    ('IG003','Udang',6000)
INSERT INTO MsIngredient
	(IngredientID,IngredientName,IngredientPrice)
VALUES
    ('IG004','tetelan',4000)
INSERT INTO MsIngredient
	(IngredientID,IngredientName,IngredientPrice)
VALUES
    ('IG005','Daun Bawang',3000)
INSERT INTO MsIngredient
	(IngredientID,IngredientName,IngredientPrice)
VALUES
    ('IG006','Seledri',3000)
INSERT INTO MsIngredient
	(IngredientID,IngredientName,IngredientPrice)
VALUES
    ('IG007','Tahu Putih',5000)
INSERT INTO MsIngredient
	(IngredientID,IngredientName,IngredientPrice)
VALUES
    ('IG008','Caisim',3000)
INSERT INTO MsIngredient
	(IngredientID,IngredientName,IngredientPrice)
VALUES
    ('IG009','cabai',7500)
INSERT INTO MsIngredient
	(IngredientID,IngredientName,IngredientPrice)
VALUES
    ('IG010','bawang',8000)

INSERT INTO MsRecipe
	(MeatBallID,IngredientID,IngredientQTY)
VALUES
	('MB001','IG001',100)
INSERT INTO MsRecipe
	(MeatBallID,IngredientID,IngredientQTY)
VALUES
	('MB002','IG002',7)
INSERT INTO MsRecipe
	(MeatBallID,IngredientID,IngredientQTY)
VALUES
	('MB002','IG003',10)
INSERT INTO MsRecipe
	(MeatBallID,IngredientID,IngredientQTY)
VALUES
	('MB003','IG001',100)
INSERT INTO MsRecipe
	(MeatBallID,IngredientID,IngredientQTY)
VALUES
	('MB003','IG002',8)
INSERT INTO MsRecipe
	(MeatBallID,IngredientID,IngredientQTY)
VALUES
	('MB004','IG005',100)
INSERT INTO MsRecipe
	(MeatBallID,IngredientID,IngredientQTY)
VALUES
	('MB004','IG006',4)
INSERT INTO MsRecipe
	(MeatBallID,IngredientID,IngredientQTY)
VALUES
	('MB005','IG002',2)
INSERT INTO MsRecipe
	(MeatBallID,IngredientID,IngredientQTY)
VALUES
	('MB005','IG008',2)
INSERT INTO MsRecipe
	(MeatBallID,IngredientID,IngredientQTY)
VALUES
	('MB006','IG008',2)
INSERT INTO MsRecipe
	(MeatBallID,IngredientID,IngredientQTY)
VALUES
	('MB006','IG001',10)
INSERT INTO MsRecipe
	(MeatBallID,IngredientID,IngredientQTY)
VALUES
	('MB007','IG005',15)
INSERT INTO MsRecipe
	(MeatBallID,IngredientID,IngredientQTY)
VALUES
	('MB008','IG004',2)
INSERT INTO MsRecipe
	(MeatBallID,IngredientID,IngredientQTY)
VALUES
	('MB009','IG006',9)
INSERT INTO MsRecipe
	(MeatBallID,IngredientID,IngredientQTY)
VALUES
	('MB010','IG001',8)
INSERT INTO MsRecipe
	(MeatBallID,IngredientID,IngredientQTY)
VALUES
	('MB010','IG003',9)

INSERT INTO MsHeaderPurchaseTransaction
	(PurchaseTransactionID,StaffID,SupplierID,PurchaseTransactionDate)
VALUES
	('PT001','SF002','SP004','2019-04-22')
INSERT INTO MsHeaderPurchaseTransaction
	(PurchaseTransactionID,StaffID,SupplierID,PurchaseTransactionDate)
VALUES
	('PT002','SF001','SP003','2019-04-22')
INSERT INTO MsHeaderPurchaseTransaction
	(PurchaseTransactionID,StaffID,SupplierID,PurchaseTransactionDate)
VALUES
	('PT003','SF008','SP009','2019-04-23')
INSERT INTO MsHeaderPurchaseTransaction
	(PurchaseTransactionID,StaffID,SupplierID,PurchaseTransactionDate)
VALUES
	('PT004','SF001','SP010','2019-04-23')
INSERT INTO MsHeaderPurchaseTransaction
	(PurchaseTransactionID,StaffID,SupplierID,PurchaseTransactionDate)
VALUES
	('PT005','SF006','SP001','2019-04-12')
INSERT INTO MsHeaderPurchaseTransaction
	(PurchaseTransactionID,StaffID,SupplierID,PurchaseTransactionDate)
VALUES
	('PT006','SF009','SP007','2019-04-01')
INSERT INTO MsHeaderPurchaseTransaction
	(PurchaseTransactionID,StaffID,SupplierID,PurchaseTransactionDate)
VALUES
	('PT007','SF010','SP010','2019-03-10')
INSERT INTO MsHeaderPurchaseTransaction
	(PurchaseTransactionID,StaffID,SupplierID,PurchaseTransactionDate)
VALUES
	('PT008','SF008','SP002','2018-12-25')
INSERT INTO MsHeaderPurchaseTransaction
	(PurchaseTransactionID,StaffID,SupplierID,PurchaseTransactionDate)
VALUES
	('PT009','SF003','SP003','2018-11-12')
INSERT INTO MsHeaderPurchaseTransaction
	(PurchaseTransactionID,StaffID,SupplierID,PurchaseTransactionDate)
VALUES
	('PT010','SF001','SP003','2018-08-09')
INSERT INTO MsHeaderPurchaseTransaction
	(PurchaseTransactionID,StaffID,SupplierID,PurchaseTransactionDate)
VALUES
	('PT011','SF007','SP005','2018-06-12')
INSERT INTO MsHeaderPurchaseTransaction
	(PurchaseTransactionID,StaffID,SupplierID,PurchaseTransactionDate)
VALUES
	('PT012','SF009','SP009','2018-04-29')
INSERT INTO MsHeaderPurchaseTransaction
	(PurchaseTransactionID,StaffID,SupplierID,PurchaseTransactionDate)
VALUES
	('PT013','SF003','SP001','2017-09-26')
INSERT INTO MsHeaderPurchaseTransaction
	(PurchaseTransactionID,StaffID,SupplierID,PurchaseTransactionDate)
VALUES
	('PT014','SF010','SP010','2017-05-20')
INSERT INTO MsHeaderPurchaseTransaction
	(PurchaseTransactionID,StaffID,SupplierID,PurchaseTransactionDate)
VALUES
	('PT015','SF007','SP001','2016-12-28')

INSERT INTO MsDetailPurchaseTransaction
	(PurchaseTransactionID,IngredientID,PurchaseTransactionQTY)
VALUES
	('PT001','IG002',4)
INSERT INTO MsDetailPurchaseTransaction
	(PurchaseTransactionID,IngredientID,PurchaseTransactionQTY)
VALUES
	('PT001','IG004',2)
INSERT INTO MsDetailPurchaseTransaction
	(PurchaseTransactionID,IngredientID,PurchaseTransactionQTY)
VALUES
	('PT001','IG005',7)
INSERT INTO MsDetailPurchaseTransaction
	(PurchaseTransactionID,IngredientID,PurchaseTransactionQTY)
VALUES
	('PT002','IG002',1)
INSERT INTO MsDetailPurchaseTransaction
	(PurchaseTransactionID,IngredientID,PurchaseTransactionQTY)
VALUES
	('PT002','IG007',33)
INSERT INTO MsDetailPurchaseTransaction
	(PurchaseTransactionID,IngredientID,PurchaseTransactionQTY)
VALUES
	('PT003','IG008',11)
INSERT INTO MsDetailPurchaseTransaction
	(PurchaseTransactionID,IngredientID,PurchaseTransactionQTY)
VALUES
	('PT004','IG005',9)
INSERT INTO MsDetailPurchaseTransaction
	(PurchaseTransactionID,IngredientID,PurchaseTransactionQTY)
VALUES
	('PT004','IG001',2)
INSERT INTO MsDetailPurchaseTransaction
	(PurchaseTransactionID,IngredientID,PurchaseTransactionQTY)
VALUES
	('PT004','IG009',8)
INSERT INTO MsDetailPurchaseTransaction
	(PurchaseTransactionID,IngredientID,PurchaseTransactionQTY)
VALUES
	('PT005','IG001',6)
INSERT INTO MsDetailPurchaseTransaction
	(PurchaseTransactionID,IngredientID,PurchaseTransactionQTY)
VALUES
	('PT006','IG010',4)
INSERT INTO MsDetailPurchaseTransaction
	(PurchaseTransactionID,IngredientID,PurchaseTransactionQTY)
VALUES
	('PT006','IG009',9)
INSERT INTO MsDetailPurchaseTransaction
	(PurchaseTransactionID,IngredientID,PurchaseTransactionQTY)
VALUES
	('PT007','IG008',20)
INSERT INTO MsDetailPurchaseTransaction
	(PurchaseTransactionID,IngredientID,PurchaseTransactionQTY)
VALUES
	('PT007','IG006',1)
INSERT INTO MsDetailPurchaseTransaction
	(PurchaseTransactionID,IngredientID,PurchaseTransactionQTY)
VALUES
	('PT007','IG001',4)
INSERT INTO MsDetailPurchaseTransaction
	(PurchaseTransactionID,IngredientID,PurchaseTransactionQTY)
VALUES
	('PT008','IG001',2)
INSERT INTO MsDetailPurchaseTransaction
	(PurchaseTransactionID,IngredientID,PurchaseTransactionQTY)
VALUES
	('PT009','IG005',8)
INSERT INTO MsDetailPurchaseTransaction
	(PurchaseTransactionID,IngredientID,PurchaseTransactionQTY)
VALUES
	('PT010','IG009',2)
INSERT INTO MsDetailPurchaseTransaction
	(PurchaseTransactionID,IngredientID,PurchaseTransactionQTY)
VALUES
	('PT010','IG010',7)
INSERT INTO MsDetailPurchaseTransaction
	(PurchaseTransactionID,IngredientID,PurchaseTransactionQTY)
VALUES
	('PT011','IG001',2)
INSERT INTO MsDetailPurchaseTransaction
	(PurchaseTransactionID,IngredientID,PurchaseTransactionQTY)
VALUES
	('PT011','IG006',1)
INSERT INTO MsDetailPurchaseTransaction
	(PurchaseTransactionID,IngredientID,PurchaseTransactionQTY)
VALUES
	('PT015','IG003',5)
INSERT INTO MsDetailPurchaseTransaction
	(PurchaseTransactionID,IngredientID,PurchaseTransactionQTY)
VALUES
	('PT012','IG006',8)
INSERT INTO MsDetailPurchaseTransaction
	(PurchaseTransactionID,IngredientID,PurchaseTransactionQTY)
VALUES
	('PT013','IG008',2)
INSERT INTO MsDetailPurchaseTransaction
	(PurchaseTransactionID,IngredientID,PurchaseTransactionQTY)
VALUES
	('PT014','IG010',1)

INSERT INTO MsHeaderSalesTransaction
	(SalesTransactionID,CustomerID,StaffID,SalesTransactionDate)
VALUES
	('ST001','CT001','SF001','2016-05-12')
INSERT INTO MsHeaderSalesTransaction
	(SalesTransactionID,CustomerID,StaffID,SalesTransactionDate)
VALUES
	('ST002','CT009','SF002','2016-07-22')
INSERT INTO MsHeaderSalesTransaction
	(SalesTransactionID,CustomerID,StaffID,SalesTransactionDate)
VALUES
	('ST003','CT001','SF005','2016-03-12')
INSERT INTO MsHeaderSalesTransaction
	(SalesTransactionID,CustomerID,StaffID,SalesTransactionDate)
VALUES
	('ST004','CT002','SF004','2016-04-23')
INSERT INTO MsHeaderSalesTransaction
	(SalesTransactionID,CustomerID,StaffID,SalesTransactionDate)
VALUES
	('ST005','CT003','SF010','2016-08-12')
INSERT INTO MsHeaderSalesTransaction
	(SalesTransactionID,CustomerID,StaffID,SalesTransactionDate)
VALUES
	('ST006','CT005','SF002','2016-12-31')
INSERT INTO MsHeaderSalesTransaction
	(SalesTransactionID,CustomerID,StaffID,SalesTransactionDate)
VALUES
	('ST007','CT002','SF005','2017-02-12')
INSERT INTO MsHeaderSalesTransaction
	(SalesTransactionID,CustomerID,StaffID,SalesTransactionDate)
VALUES
	('ST008','CT008','SF003','2017-06-25')
INSERT INTO MsHeaderSalesTransaction
	(SalesTransactionID,CustomerID,StaffID,SalesTransactionDate)
VALUES
	('ST009','CT009','SF004','2017-12-19')
INSERT INTO MsHeaderSalesTransaction
	(SalesTransactionID,CustomerID,StaffID,SalesTransactionDate)
VALUES
	('ST010','CT007','SF004','2018-12-29')
INSERT INTO MsHeaderSalesTransaction
	(SalesTransactionID,CustomerID,StaffID,SalesTransactionDate)
VALUES
	('ST011','CT004','SF007','2019-02-12')
INSERT INTO MsHeaderSalesTransaction
	(SalesTransactionID,CustomerID,StaffID,SalesTransactionDate)
VALUES
	('ST012','CT006','SF006','2019-03-15')
INSERT INTO MsHeaderSalesTransaction
	(SalesTransactionID,CustomerID,StaffID,SalesTransactionDate)
VALUES
	('ST013','CT009','SF006','2019-04-12')
INSERT INTO MsHeaderSalesTransaction
	(SalesTransactionID,CustomerID,StaffID,SalesTransactionDate)
VALUES
	('ST014','CT002','SF008','2019-05-28')
INSERT INTO MsHeaderSalesTransaction
	(SalesTransactionID,CustomerID,StaffID,SalesTransactionDate)
VALUES
	('ST015','CT010','SF008','2019-07-30')

INSERT INTO MsDetailSalesTransaction
	(SalesTransactionID,MeatBallID,SalesTransactionQTY)
VALUES
	('ST001','MB002',8)
INSERT INTO MsDetailSalesTransaction
	(SalesTransactionID,MeatBallID,SalesTransactionQTY)
VALUES
	('ST001','MB001',12)
INSERT INTO MsDetailSalesTransaction
	(SalesTransactionID,MeatBallID,SalesTransactionQTY)
VALUES
	('ST002','MB001',15)
INSERT INTO MsDetailSalesTransaction
	(SalesTransactionID,MeatBallID,SalesTransactionQTY)
VALUES
	('ST002','MB008',8)
INSERT INTO MsDetailSalesTransaction
	(SalesTransactionID,MeatBallID,SalesTransactionQTY)
VALUES
	('ST002','MB005',1)
INSERT INTO MsDetailSalesTransaction
	(SalesTransactionID,MeatBallID,SalesTransactionQTY)
VALUES
	('ST003','MB005'300)
INSERT INTO MsDetailSalesTransaction
	(SalesTransactionID,MeatBallID,SalesTransactionQTY)
VALUES
	('ST003','MB010', 100)
INSERT INTO MsDetailSalesTransaction
	(SalesTransactionID,MeatBallID,SalesTransactionQTY)
VALUES
	('ST003','MB010',33)
INSERT INTO MsDetailSalesTransaction
	(SalesTransactionID,MeatBallID,SalesTransactionQTY)
VALUES
	('ST004','MB002',55)
INSERT INTO MsDetailSalesTransaction
	(SalesTransactionID,MeatBallID,SalesTransactionQTY)
VALUES
	('ST004','MB001',2)
INSERT INTO MsDetailSalesTransaction
	(SalesTransactionID,MeatBallID,SalesTransactionQTY)
VALUES
	('ST004','MB002',29)
INSERT INTO MsDetailSalesTransaction
	(SalesTransactionID,MeatBallID,SalesTransactionQTY)
VALUES
	('ST004','MB007',29)
INSERT INTO MsDetailSalesTransaction
	(SalesTransactionID,MeatBallID,SalesTransactionQTY)
VALUES
	('ST005','MB001',12)
INSERT INTO MsDetailSalesTransaction
	(SalesTransactionID,MeatBallID,SalesTransactionQTY)
VALUES
	('ST005','MB004',55)
INSERT INTO MsDetailSalesTransaction
	(SalesTransactionID,MeatBallID,SalesTransactionQTY)
VALUES
	('ST005','MB004',62)
INSERT INTO MsDetailSalesTransaction
	(SalesTransactionID,MeatBallID,SalesTransactionQTY)
VALUES
	('ST006','MB001',28)
INSERT INTO MsDetailSalesTransaction
	(SalesTransactionID,MeatBallID,SalesTransactionQTY)
VALUES
	('ST007','MB003',22)
INSERT INTO MsDetailSalesTransaction
	(SalesTransactionID,MeatBallID,SalesTransactionQTY)
VALUES
	('ST008','MB004',12)
INSERT INTO MsDetailSalesTransaction
	(SalesTransactionID,MeatBallID,SalesTransactionQTY)
VALUES
	('ST009','MB005',23)
INSERT INTO MsDetailSalesTransaction
	(SalesTransactionID,MeatBallID,SalesTransactionQTY)
VALUES
	('ST010','MB001',22)
INSERT INTO MsDetailSalesTransaction
	(SalesTransactionID,MeatBallID,SalesTransactionQTY)
VALUES
	('ST011','MB001',61)
INSERT INTO MsDetailSalesTransaction
	(SalesTransactionID,MeatBallID,SalesTransactionQTY)
VALUES
	('ST012','MB002',55)
INSERT INTO MsDetailSalesTransaction
	(SalesTransactionID,MeatBallID,SalesTransactionQTY)
VALUES
	('ST013','MB005',22)
INSERT INTO MsDetailSalesTransaction
	(SalesTransactionID,MeatBallID,SalesTransactionQTY)
VALUES
	('ST014','MB003',12)
INSERT INTO MsDetailSalesTransaction
	(SalesTransactionID,MeatBallID,SalesTransactionQTY)
VALUES
	('ST014','MB007',19)